Model,Accuracy (%),F1-Score,Inference Time (ms),Model Size (MB),Accuracy Change (%),F1 Change,Speed Improvement (%),Size Reduction (%)
Baseline (FP32),75.84928968499074,0.7387317077103396,1628.6506372339584,90.01976013183594,0.0,0.0,0.0,0.0
FP16,75.84928968499074,0.7387317077103396,1628.6506372339584,90.01976013183594,0.0,0.0,0.0,0.0
INT8,75.84928968499074,0.7387317077103396,1628.6506372339584,90.01976013183594,0.0,0.0,0.0,0.0
Pruned (20%),75.84928968499074,0.7387317077103396,1692.862814547969,90.01976013183594,0.0,0.0,-3.942661234153097,0.0
