{
  "batteries": 1.494047619047619,
  "cans_all_type": 0.6025377229080933,
  "ceramic_product": 1.180779569892473,
  "coffee_tea_bags": 1.1092171717171717,
  "diapers": 1.0926616915422886,
  "e-waste": 0.2982009504412763,
  "egg_shells": 1.3072916666666667,
  "food_scraps": 1.0687347931873479,
  "glass_containers": 1.1952380952380952,
  "kitchen_waste": 1.4146537842190017,
  "paints": 1.0687347931873479,
  "paper_products": 1.3190690690690692,
  "pesticides": 1.1394293125810635,
  "plastic_bottles": 1.2787481804949055,
  "platics_bags_wrappers": 1.1855600539811066,
  "sanitary_napkin": 1.494047619047619,
  "stroform_product": 1.331060606060606,
  "yard_trimmings": 1.2622126436781609
}